transaction_id,vendor_id,vendor_name,vendor_category,amount,currency,invoice_id,invoice_date,due_date,bank_account,ifsc,requester_id,requester_name,department,request_type,request_message,payment_method,submitted_at,approved_at,status,previous_bank_account,bank_account_changed,vendor_age_days,transaction_count_vendor_90d,average_vendor_amount_90d,amount_deviation_percent,is_new_vendor,is_new_beneficiary,provenance,scenario_id,fraud_label,fraud_type,campaign_id
PAY-000063,VND-0011,Nair Logistics Pvt Ltd,CONSTRUCTION,57027.64,INR,INV-2026-000063,2025-12-07,2025-12-24,SYNTH-ACC-01063,SYNB0001063,EMP-0028,Neha Singh,HR,SERVICE,Standard procurement request following normal approval process.,NEFT,2026-01-06T17:42:56,2026-01-08T14:27:16,PAID,,FALSE,2199,16,45782.58,24.56,FALSE,FALSE,synthetic,LEGITIMATE_NORMAL,0,NONE,
PAY-000008,VND-0015,Shah Logistics Services,CONSULTING,38910.29,INR,INV-2026-000008,2025-12-19,2026-01-08,SYNTH-ACC-01008,SYNB0001008,EMP-0009,Kavya Patel,HR,SERVICE,Standard procurement request following normal approval process.,BANK_TRANSFER,2026-01-08T00:32:29,2026-01-08T16:36:09,PAID,,FALSE,1960,19,39072.08,-0.41,FALSE,FALSE,synthetic,LEGITIMATE_NORMAL,0,NONE,
PAY-000031,VND-0010,Sethi Enterprise Solutions,MARKETING,84186.84,INR,INV-2026-000031,2025-12-17,2025-12-24,SYNTH-ACC-01031,SYNB0001031,EMP-0016,Dev Shah,IT,CONTRACTOR_PAYMENT,Subscription renewal for approved enterprise software.,NEFT,2026-01-16T07:04:12,2026-01-18T03:20:55,APPROVED,,FALSE,843,10,95499.31,-11.85,FALSE,FALSE,synthetic,LEGITIMATE_NORMAL,0,NONE,
PAY-000001,VND-0024,Singh Office Pvt Ltd,OFFICE_SUPPLIES,16102.26,INR,INV-2026-000001,2026-01-01,2026-01-08,SYNTH-ACC-01001,SYNB0001001,EMP-0005,Vivaan Menon,PROCUREMENT,SERVICE,Subscription renewal for approved enterprise software.,RTGS,2026-01-17T03:48:24,2026-01-17T07:19:25,PAID,,FALSE,660,17,12998.99,23.87,FALSE,FALSE,synthetic,LEGITIMATE_NORMAL,0,NONE,
PAY-000084,VND-0002,Sharma Engineering Works,PROFESSIONAL_SERVICES,380272.58,INR,INV-2026-000084,2026-01-09,2026-01-16,SYNTH-ACC-03084,SYNB0003084,EMP-0024,Priya Verma,PROCUREMENT,INVOICE,Vendor sent a revised invoice following a billing discrepancy.,NEFT,2026-01-25T12:44:17,,ON_HOLD,,FALSE,2237,9,227828.42,66.91,FALSE,FALSE,synthetic,INVOICE_FRAUD,1,INVOICE_FRAUD,
PAY-000017,VND-0022,Rao Logistics Works,MANUFACTURING,78350.55,INR,INV-2026-000017,2026-01-22,2026-02-21,SYNTH-ACC-01017,SYNB0001017,EMP-0014,Ishaan Nair,PROCUREMENT,PURCHASE,Scheduled payment for contracted business services.,RTGS,2026-01-27T12:49:54,2026-01-28T14:08:30,PAID,,FALSE,520,4,64635.92,21.22,FALSE,FALSE,synthetic,LEGITIMATE_NORMAL,0,NONE,
PAY-000047,VND-0012,Shah Technology Services,CONSULTING,51124.61,INR,INV-2026-000047,2026-01-04,2026-01-19,SYNTH-ACC-01047,SYNB0001047,EMP-0011,Dev Nair,ADMIN,SERVICE,Standard procurement request following normal approval process.,BANK_TRANSFER,2026-01-28T20:47:09,,PENDING,,FALSE,851,17,47816.34,6.92,FALSE,FALSE,synthetic,LEGITIMATE_NORMAL,0,NONE,
PAY-000027,VND-0023,Chopra Technology Works,PROFESSIONAL_SERVICES,25984.18,INR,INV-2026-000027,2026-01-14,2026-02-06,SYNTH-ACC-01027,SYNB0001027,EMP-0020,Rahul Sethi,FINANCE,INVOICE,Monthly maintenance invoice for approved production support.,IMPS,2026-01-30T01:52:30,2026-01-31T12:39:52,APPROVED,,FALSE,658,13,23891.2,8.76,FALSE,FALSE,synthetic,LEGITIMATE_NORMAL,0,NONE,
PAY-000018,VND-0026,Joshi Technology Services,LOGISTICS,36224.06,INR,INV-2026-000018,2026-01-21,2026-02-14,SYNTH-ACC-01018,SYNB0001018,EMP-0027,Karan Kapoor,ADMIN,CONTRACTOR_PAYMENT,Standard procurement request following normal approval process.,BANK_TRANSFER,2026-01-30T09:41:40,,PENDING,,FALSE,1012,21,42213.97,-14.19,FALSE,FALSE,synthetic,LEGITIMATE_NORMAL,0,NONE,
PAY-000024,VND-0038,Kulkarni Office Works,IT_SERVICES,76744.57,INR,INV-2026-000024,2026-01-17,2026-02-16,SYNTH-ACC-01024,SYNB0001024,EMP-0026,Karan Kulkarni,IT,INVOICE,Routine vendor settlement against verified invoice.,RTGS,2026-02-01T06:48:42,,PENDING,,FALSE,2323,4,77447.74,-0.91,FALSE,FALSE,synthetic,LEGITIMATE_NORMAL,0,NONE,
PAY-000053,VND-0044,Mehta Industrial Works,SOFTWARE,55729.26,INR,INV-2026-000053,2026-01-12,2026-01-26,SYNTH-ACC-01053,SYNB0001053,EMP-0014,Ishaan Nair,PROCUREMENT,INVOICE,Scheduled payment for contracted business services.,RTGS,2026-02-04T15:01:08,2026-02-05T06:27:44,PAID,,FALSE,501,17,61728.29,-9.72,FALSE,FALSE,synthetic,LEGITIMATE_NORMAL,0,NONE,
PAY-000003,VND-0041,Iyer Enterprise Systems,PROFESSIONAL_SERVICES,142410.0,INR,INV-2026-000003,2026-02-01,2026-02-26,SYNTH-ACC-01003,SYNB0001003,EMP-0025,Maya Kulkarni,HR,CONTRACTOR_PAYMENT,Routine vendor settlement against verified invoice.,IMPS,2026-02-08T23:49:18,2026-02-10T08:50:16,PAID,,FALSE,508,16,118642.89,20.03,FALSE,FALSE,synthetic,LEGITIMATE_NORMAL,0,NONE,
PAY-000032,VND-0035,Singh Digital Systems,CONSULTING,165441.91,INR,INV-2026-000032,2026-02-08,2026-02-24,SYNTH-ACC-01032,SYNB0001032,EMP-0008,Aditi Sethi,FINANCE,INVOICE,Monthly maintenance invoice for approved production support.,IMPS,2026-02-12T02:22:35,2026-02-12T13:24:31,PAID,,FALSE,314,15,169341.07,-2.3,FALSE,FALSE,synthetic,LEGITIMATE_NORMAL,0,NONE,
PAY-000058,VND-0012,Shah Technology Services,CONSULTING,42195.12,INR,INV-2026-000058,2026-02-02,2026-02-28,SYNTH-ACC-01058,SYNB0001058,EMP-0018,Meera Nair,OPERATIONS,SERVICE,Subscription renewal for approved enterprise software.,IMPS,2026-02-18T14:37:54,2026-02-19T23:10:06,PAID,,FALSE,851,15,41494.75,1.69,FALSE,FALSE,synthetic,LEGITIMATE_NORMAL,0,NONE,
PAY-000039,VND-0002,Sharma Engineering Works,PROFESSIONAL_SERVICES,23964.54,INR,INV-2026-000039,2026-02-17,2026-03-07,SYNTH-ACC-01039,SYNB0001039,EMP-0016,Dev Shah,IT,CONTRACTOR_PAYMENT,Payment for completed logistics services under contract.,NEFT,2026-02-21T10:02:17,2026-02-22T02:39:15,PAID,,FALSE,2237,6,22793.72,5.14,FALSE,FALSE,synthetic,LEGITIMATE_NORMAL,0,NONE,
PAY-000071,VND-0041,Iyer Enterprise Systems,PROFESSIONAL_SERVICES,99147.35,INR,INV-2026-000071,2026-02-15,2026-03-08,SYNTH-ACC-03071,SYNB0003071,EMP-0001,Aarav Singh,FINANCE,INVOICE,Payment requested from a recently updated account with an expedited approval request.,IMPS,2026-02-23T02:31:57,,PENDING,,FALSE,508,7,77053.45,28.67,FALSE,FALSE,synthetic,ACCOUNT_TAKEOVER,1,ACCOUNT_TAKEOVER,
PAY-000037,VND-0005,Sethi Digital Works,CONSULTING,108480.49,INR,INV-2026-000037,2026-01-26,2026-02-13,SYNTH-ACC-01037,SYNB0001037,EMP-0019,Kabir Sharma,PROCUREMENT,SERVICE,Routine vendor settlement against verified invoice.,NEFT,2026-02-23T04:50:31,2026-02-23T19:48:16,PAID,,FALSE,739,3,122868.33,-11.71,FALSE,FALSE,synthetic,LEGITIMATE_NORMAL,0,NONE,
PAY-000045,VND-0026,Joshi Technology Services,LOGISTICS,53755.44,INR,INV-2026-000045,2026-02-02,2026-02-14,SYNTH-ACC-01045,SYNB0001045,EMP-0016,Dev Shah,IT,CONTRACTOR_PAYMENT,Approved engineering services for the current project.,NEFT,2026-02-27T00:17:52,2026-02-28T13:19:57,PAID,,FALSE,1012,4,52519.06,2.35,FALSE,FALSE,synthetic,LEGITIMATE_NORMAL,0,NONE,
PAY-000022,VND-0058,Bhat Technology Services,MARKETING,137006.07,INR,INV-2026-000022,2026-02-19,2026-03-06,SYNTH-ACC-01022,SYNB0001022,EMP-0022,Nisha Mehta,OPERATIONS,SERVICE,Standard procurement request following normal approval process.,IMPS,2026-03-02T16:21:08,2026-03-03T11:05:20,PAID,,FALSE,194,12,133937.56,2.29,FALSE,FALSE,synthetic,LEGITIMATE_NORMAL,0,NONE,
PAY-000036,VND-0001,Malhotra Consulting Services,CONSULTING,8611.37,INR,INV-2026-000036,2026-02-24,2026-03-03,SYNTH-ACC-01036,SYNB0001036,EMP-0011,Dev Nair,ADMIN,SERVICE,Monthly maintenance invoice for approved production support.,BANK_TRANSFER,2026-03-05T18:40:52,2026-03-06T06:25:07,PAID,,FALSE,1762,9,10000,-13.89,FALSE,FALSE,synthetic,LEGITIMATE_NORMAL,0,NONE,
PAY-000055,VND-0049,Verma Industrial Systems,PROFESSIONAL_SERVICES,33404.96,INR,INV-2026-000055,2026-02-06,2026-03-08,SYNTH-ACC-01055,SYNB0001055,EMP-0005,Vivaan Menon,PROCUREMENT,PURCHASE,Subscription renewal for approved enterprise software.,NEFT,2026-03-07T04:47:53,,PENDING,,FALSE,2260,16,37548.33,-11.03,FALSE,FALSE,synthetic,LEGITIMATE_NORMAL,0,NONE,
PAY-000044,VND-0052,Desai Enterprise Solutions,PROFESSIONAL_SERVICES,35977.21,INR,INV-2026-000044,2026-03-06,2026-03-24,SYNTH-ACC-01044,SYNB0001044,EMP-0019,Kabir Sharma,PROCUREMENT,PURCHASE,Routine vendor settlement against verified invoice.,BANK_TRANSFER,2026-03-08T06:47:08,2026-03-08T18:56:28,APPROVED,,FALSE,1144,20,29848.76,20.53,FALSE,FALSE,synthetic,LEGITIMATE_NORMAL,0,NONE,
PAY-000026,VND-0034,Menon Engineering Services,SOFTWARE,66670.19,INR,INV-2026-000026,2026-02-22,2026-03-07,SYNTH-ACC-01026,SYNB0001026,EMP-0011,Dev Nair,ADMIN,SERVICE,Standard procurement request following normal approval process.,RTGS,2026-03-10T14:00:13,2026-03-11T04:31:51,PAID,,FALSE,462,5,73865.62,-9.74,FALSE,FALSE,synthetic,LEGITIMATE_NORMAL,0,NONE,
PAY-000065,VND-0001,Malhotra Consulting Services,CONSULTING,239362.66,INR,INV-2026-000065,2026-02-12,2026-03-14,SYNTH-ACC-01065,SYNB0001065,EMP-0024,Priya Verma,PROCUREMENT,SERVICE,Standard procurement request following normal approval process.,BANK_TRANSFER,2026-03-12T00:19:34,2026-03-13T07:57:54,APPROVED,,FALSE,1762,20,199825.65,19.79,FALSE,FALSE,synthetic,LEGITIMATE_NORMAL,0,NONE,
PAY-000081,VND-0060,Reddy Technology Systems,CONSTRUCTION,116835.81,INR,INV-2026-000081,2026-03-06,2026-03-13,SYNTH-ACC-03081,SYNB0003081,EMP-0001,Aarav Singh,FINANCE,URGENT_PAYMENT,Urgent vendor correspondence requested an alternate settlement route.,BANK_TRANSFER,2026-03-15T10:24:20,,ON_HOLD,,FALSE,192,12,80352.75,45.4,FALSE,FALSE,synthetic,VENDOR_IMPERSONATION,1,VENDOR_IMPERSONATION,
PAY-000049,VND-0037,Gupta Office Systems,CONSTRUCTION,93041.44,INR,INV-2026-000049,2026-03-09,2026-04-07,SYNTH-ACC-01049,SYNB0001049,EMP-0030,Manish Kapoor,OPERATIONS,CONTRACTOR_PAYMENT,Scheduled payment for contracted business services.,NEFT,2026-03-21T12:36:57,2026-03-22T21:07:58,APPROVED,,FALSE,1736,5,99184.8,-6.19,FALSE,FALSE,synthetic,LEGITIMATE_NORMAL,0,NONE,
PAY-000030,VND-0036,Malhotra Enterprise Pvt Ltd,OFFICE_SUPPLIES,132877.31,INR,INV-2026-000030,2026-03-07,2026-04-04,SYNTH-ACC-01030,SYNB0001030,EMP-0021,Kavya Joshi,ADMIN,INVOICE,Scheduled payment for contracted business services.,BANK_TRANSFER,2026-03-30T19:21:51,2026-03-31T14:37:14,PAID,,FALSE,1421,9,136793.59,-2.86,FALSE,FALSE,synthetic,LEGITIMATE_NORMAL,0,NONE,
PAY-000089,VND-0038,Kulkarni Office Works,IT_SERVICES,195291.54,INR,INV-2026-000089,2026-03-29,2026-04-19,SYNTH-ACC-03089,SYNB0003089,EMP-0008,Aditi Sethi,FINANCE,INVOICE,Second settlement request submitted for the same service period.,IMPS,2026-03-31T15:07:04,,PENDING,,FALSE,2323,5,121908.07,60.2,FALSE,FALSE,synthetic,DUPLICATE_PAYMENT,1,DUPLICATE_PAYMENT,
PAY-000023,VND-0011,Nair Logistics Pvt Ltd,CONSTRUCTION,72900.87,INR,INV-2026-000023,2026-03-31,2026-04-18,SYNTH-ACC-01023,SYNB0001023,EMP-0016,Dev Shah,IT,CONTRACTOR_PAYMENT,Payment for completed logistics services under contract.,IMPS,2026-04-03T09:49:31,2026-04-03T22:33:56,PAID,,FALSE,2199,22,61330.01,18.87,FALSE,FALSE,synthetic,LEGITIMATE_NORMAL,0,NONE,
PAY-000076,VND-0022,Rao Logistics Works,MANUFACTURING,355710.7,INR,INV-2026-000076,2026-03-15,2026-03-24,SYNTH-ACC-03076,SYNB0003076,EMP-0019,Kabir Sharma,PROCUREMENT,INVOICE,Urgent vendor correspondence requested an alternate settlement route.,NEFT,2026-04-04T11:01:58,,PENDING,,FALSE,520,6,229027.2,55.31,FALSE,FALSE,synthetic,VENDOR_IMPERSONATION,1,VENDOR_IMPERSONATION,
PAY-000014,VND-0028,Joshi Engineering Pvt Ltd,PROFESSIONAL_SERVICES,35004.99,INR,INV-2026-000014,2026-03-31,2026-04-16,SYNTH-ACC-01014,SYNB0001014,EMP-0020,Rahul Sethi,FINANCE,CONTRACTOR_PAYMENT,Routine vendor settlement against verified invoice.,IMPS,2026-04-05T11:54:43,2026-04-06T09:06:36,APPROVED,,FALSE,868,3,34018.55,2.9,FALSE,FALSE,synthetic,LEGITIMATE_NORMAL,0,NONE,
PAY-000010,VND-0004,Singh Enterprise Services,PROFESSIONAL_SERVICES,106095.84,INR,INV-2026-000010,2026-03-11,2026-04-08,SYNTH-ACC-01010,SYNB0001010,EMP-0018,Meera Nair,OPERATIONS,INVOICE,Quarterly office equipment and supplies purchase.,NEFT,2026-04-09T21:48:33,2026-04-10T22:13:11,PAID,,FALSE,1321,11,102023.86,3.99,FALSE,FALSE,synthetic,LEGITIMATE_NORMAL,0,NONE,
PAY-000040,VND-0037,Gupta Office Systems,CONSTRUCTION,198035.52,INR,INV-2026-000040,2026-03-26,2026-04-02,SYNTH-ACC-01040,SYNB0001040,EMP-0007,Aditya Shah,SALES,PURCHASE,Quarterly office equipment and supplies purchase.,RTGS,2026-04-10T18:54:56,2026-04-12T10:54:34,APPROVED,,FALSE,1736,10,166690.25,18.8,FALSE,FALSE,synthetic,LEGITIMATE_NORMAL,0,NONE,
PAY-000009,VND-0027,Sethi Logistics Solutions,LOGISTICS,60136.02,INR,INV-2026-000009,2026-04-08,2026-04-21,SYNTH-ACC-01009,SYNB0001009,EMP-0018,Meera Nair,OPERATIONS,INVOICE,Payment for completed logistics services under contract.,NEFT,2026-04-11T15:03:17,2026-04-12T21:55:44,PAID,,FALSE,1831,3,52807.14,13.88,FALSE,FALSE,synthetic,LEGITIMATE_NORMAL,0,NONE,
PAY-000069,VND-0009,Bhat Engineering Pvt Ltd,IT_SERVICES,29991.17,INR,INV-2026-000069,2026-03-20,2026-04-05,SYNTH-ACC-01069,SYNB0001069,EMP-0014,Ishaan Nair,PROCUREMENT,INVOICE,Payment for completed logistics services under contract.,NEFT,2026-04-12T19:24:15,2026-04-13T23:51:53,APPROVED,,FALSE,1245,4,28574.57,4.96,FALSE,FALSE,synthetic,LEGITIMATE_NORMAL,0,NONE,
PAY-000073,VND-0022,Rao Logistics Works,MANUFACTURING,83825.11,INR,INV-2026-000073,2026-04-11,2026-04-30,SYNTH-ACC-03073,SYNB0003073,EMP-0027,Karan Kapoor,ADMIN,BANK_CHANGE,Invoice received with revised payment instructions; please process after routine validation.,NEFT,2026-04-15T11:35:34,,PENDING,,FALSE,520,6,48258.84,73.7,FALSE,FALSE,synthetic,INVOICE_FRAUD,1,INVOICE_FRAUD,
PAY-000020,VND-0045,Reddy Consulting Services,MARKETING,122396.01,INR,INV-2026-000020,2026-04-03,2026-04-19,SYNTH-ACC-01020,SYNB0001020,EMP-0022,Nisha Mehta,OPERATIONS,CONTRACTOR_PAYMENT,Monthly maintenance invoice for approved production support.,NEFT,2026-04-20T11:06:42,2026-04-22T04:17:04,APPROVED,,FALSE,1736,10,124430.39,-1.63,FALSE,FALSE,synthetic,LEGITIMATE_NORMAL,0,NONE,
PAY-000019,VND-0025,Malhotra Office Systems,MANUFACTURING,74316.17,INR,INV-2026-000019,2026-04-02,2026-04-09,SYNTH-ACC-01019,SYNB0001019,EMP-0015,Maya Chopra,OPERATIONS,PURCHASE,Approved engineering services for the current project.,RTGS,2026-04-23T01:35:06,2026-04-24T21:21:36,PAID,,FALSE,1785,11,68092.98,9.14,FALSE,FALSE,synthetic,LEGITIMATE_NORMAL,0,NONE,
PAY-000083,VND-0030,Singh Industrial Services,MARKETING,66669.4,INR,INV-2026-000083,2026-04-13,2026-04-29,SYNTH-ACC-03083,SYNB0003083,EMP-0011,Dev Nair,ADMIN,URGENT_PAYMENT,Invoice received with revised payment instructions; please process after routine validation.,NEFT,2026-04-23T23:24:27,,PENDING,,FALSE,159,3,30116.5,121.37,FALSE,FALSE,synthetic,INVOICE_FRAUD,1,INVOICE_FRAUD,
PAY-000086,VND-0038,Kulkarni Office Works,IT_SERVICES,303159.62,INR,INV-2026-000086,2026-04-20,2026-05-09,SYNTH-ACC-03086,SYNB0003086,EMP-0023,Ishaan Iyer,OPERATIONS,INVOICE,Payment requested from a recently updated account with an expedited approval request.,RTGS,2026-04-27T10:30:39,,PENDING,,FALSE,2323,6,219940.84,37.84,FALSE,FALSE,synthetic,ACCOUNT_TAKEOVER,1,ACCOUNT_TAKEOVER,
PAY-000011,VND-0009,Bhat Engineering Pvt Ltd,IT_SERVICES,152473.05,INR,INV-2026-000011,2026-04-24,2026-05-02,SYNTH-ACC-01011,SYNB0001011,EMP-0028,Neha Singh,HR,PURCHASE,Quarterly office equipment and supplies purchase.,NEFT,2026-04-28T02:05:50,,PENDING,,FALSE,1245,16,173056.7,-11.89,FALSE,FALSE,synthetic,LEGITIMATE_NORMAL,0,NONE,
PAY-000025,VND-0015,Shah Logistics Services,CONSULTING,57424.78,INR,INV-2026-000025,2026-04-14,2026-05-01,SYNTH-ACC-01025,SYNB0001025,EMP-0014,Ishaan Nair,PROCUREMENT,PURCHASE,Routine vendor settlement against verified invoice.,NEFT,2026-04-29T06:39:25,2026-04-30T12:31:01,PAID,,FALSE,1960,7,59411.64,-3.34,FALSE,FALSE,synthetic,LEGITIMATE_NORMAL,0,NONE,
PAY-000028,VND-0059,Bhat Business Solutions,MANUFACTURING,39407.47,INR,INV-2026-000028,2026-05-01,2026-05-08,SYNTH-ACC-01028,SYNB0001028,EMP-0028,Neha Singh,HR,INVOICE,Payment for completed logistics services under contract.,IMPS,2026-05-03T10:46:59,,PENDING,,FALSE,859,8,36058.76,9.29,FALSE,FALSE,synthetic,LEGITIMATE_NORMAL,0,NONE,
PAY-000002,VND-0017,Menon Infrastructure Systems,MANUFACTURING,97564.68,INR,INV-2026-000002,2026-04-18,2026-04-25,SYNTH-ACC-01002,SYNB0001002,EMP-0025,Maya Kulkarni,HR,CONTRACTOR_PAYMENT,Scheduled payment for contracted business services.,BANK_TRANSFER,2026-05-05T02:49:02,2026-05-05T18:00:37,APPROVED,,FALSE,319,2,113392.27,-13.96,FALSE,FALSE,synthetic,LEGITIMATE_NORMAL,0,NONE,
PAY-000013,VND-0057,Malhotra Technology Services,MAINTENANCE,42822.33,INR,INV-2026-000013,2026-04-16,2026-05-15,SYNTH-ACC-01013,SYNB0001013,EMP-0008,Aditi Sethi,FINANCE,CONTRACTOR_PAYMENT,Approved engineering services for the current project.,BANK_TRANSFER,2026-05-06T05:07:15,,PENDING,,FALSE,259,10,49860.89,-14.12,FALSE,FALSE,synthetic,LEGITIMATE_NORMAL,0,NONE,
PAY-000074,VND-0010,Sethi Enterprise Solutions,MARKETING,55803.09,INR,INV-2026-000074,2026-05-04,2026-05-29,SYNTH-FRAUD-00074,SYNB0003074,EMP-0015,Maya Chopra,OPERATIONS,URGENT_PAYMENT,Urgent vendor correspondence requested an alternate settlement route.,BANK_TRANSFER,2026-05-14T14:50:01,,ON_HOLD,SYNTH-ACC-90074,TRUE,843,2,46356.41,20.38,FALSE,TRUE,synthetic,VENDOR_IMPERSONATION,1,VENDOR_IMPERSONATION,
PAY-000041,VND-0048,Bhat Technology Solutions,MAINTENANCE,154805.34,INR,INV-2026-000041,2026-04-28,2026-05-15,SYNTH-ACC-01041,SYNB0001041,EMP-0012,Rahul Sharma,SALES,PURCHASE,Scheduled payment for contracted business services.,NEFT,2026-05-15T20:58:28,,PENDING,,FALSE,2556,16,143830.74,7.63,FALSE,FALSE,synthetic,LEGITIMATE_NORMAL,0,NONE,
PAY-000015,VND-0012,Shah Technology Services,CONSULTING,54596.58,INR,INV-2026-000015,2026-05-09,2026-05-23,SYNTH-ACC-01015,SYNB0001015,EMP-0027,Karan Kapoor,ADMIN,PURCHASE,Approved engineering services for the current project.,IMPS,2026-05-19T10:01:17,2026-05-21T06:22:20,PAID,,FALSE,851,12,59774.35,-8.66,FALSE,FALSE,synthetic,LEGITIMATE_NORMAL,0,NONE,
PAY-000067,VND-0060,Reddy Technology Systems,CONSTRUCTION,58992.54,INR,INV-2026-000067,2026-05-11,2026-06-01,SYNTH-ACC-01067,SYNB0001067,EMP-0005,Vivaan Menon,PROCUREMENT,CONTRACTOR_PAYMENT,Approved engineering services for the current project.,NEFT,2026-05-23T06:31:24,2026-05-25T04:31:34,APPROVED,,FALSE,192,7,48916.64,20.6,FALSE,FALSE,synthetic,LEGITIMATE_NORMAL,0,NONE,
PAY-000066,VND-0004,Singh Enterprise Services,PROFESSIONAL_SERVICES,139168.77,INR,INV-2026-000066,2026-05-15,2026-05-23,SYNTH-ACC-01066,SYNB0001066,EMP-0016,Dev Shah,IT,CONTRACTOR_PAYMENT,Standard procurement request following normal approval process.,RTGS,2026-05-23T11:15:24,2026-05-24T07:29:59,PAID,,FALSE,1321,22,156446.08,-11.04,FALSE,FALSE,synthetic,LEGITIMATE_NORMAL,0,NONE,
PAY-000061,VND-0055,Kulkarni Digital Systems,MANUFACTURING,178839.34,INR,INV-2026-000061,2026-05-02,2026-05-29,SYNTH-ACC-01061,SYNB0001061,EMP-0020,Rahul Sethi,FINANCE,PURCHASE,Monthly maintenance invoice for approved production support.,NEFT,2026-05-24T18:24:30,,PENDING,,FALSE,1863,13,161855.68,10.49,FALSE,FALSE,synthetic,LEGITIMATE_NORMAL,0,NONE,
PAY-000082,VND-0057,Malhotra Technology Services,MAINTENANCE,346410.77,INR,INV-2026-000082,2026-05-20,2026-06-04,SYNTH-FRAUD-00082,SYNB0003082,EMP-0021,Kavya Joshi,ADMIN,BANK_CHANGE,Vendor requested settlement using updated beneficiary details.,RTGS,2026-05-25T16:55:04,,PENDING,SYNTH-ACC-90082,TRUE,259,7,189326.42,82.97,FALSE,TRUE,synthetic,BENEFICIARY_FRAUD,1,BENEFICIARY_FRAUD,
PAY-000052,VND-0052,Desai Enterprise Solutions,PROFESSIONAL_SERVICES,73634.64,INR,INV-2026-000052,2026-04-26,2026-05-24,SYNTH-ACC-01052,SYNB0001052,EMP-0018,Meera Nair,OPERATIONS,PURCHASE,Routine vendor settlement against verified invoice.,RTGS,2026-05-26T22:57:27,2026-05-28T12:16:08,APPROVED,,FALSE,1144,11,68968.76,6.77,FALSE,FALSE,synthetic,LEGITIMATE_NORMAL,0,NONE,
PAY-000033,VND-0010,Sethi Enterprise Solutions,MARKETING,17815.21,INR,INV-2026-000033,2026-05-20,2026-06-02,SYNTH-ACC-01033,SYNB0001033,EMP-0005,Vivaan Menon,PROCUREMENT,SERVICE,Monthly maintenance invoice for approved production support.,BANK_TRANSFER,2026-05-31T09:29:51,2026-05-31T19:44:33,APPROVED,,FALSE,843,23,15740.94,13.18,FALSE,FALSE,synthetic,LEGITIMATE_NORMAL,0,NONE,
PAY-000038,VND-0048,Bhat Technology Solutions,MAINTENANCE,32910.39,INR,INV-2026-000038,2026-05-11,2026-05-29,SYNTH-ACC-01038,SYNB0001038,EMP-0011,Dev Nair,ADMIN,SERVICE,Monthly maintenance invoice for approved production support.,NEFT,2026-06-05T09:57:08,2026-06-05T20:11:34,PAID,,FALSE,2556,24,35506.68,-7.31,FALSE,FALSE,synthetic,LEGITIMATE_NORMAL,0,NONE,
PAY-000021,VND-0003,Sharma Infrastructure Works,CONSTRUCTION,16932.55,INR,INV-2026-000021,2026-05-17,2026-06-08,SYNTH-ACC-01021,SYNB0001021,EMP-0015,Maya Chopra,OPERATIONS,PURCHASE,Approved engineering services for the current project.,NEFT,2026-06-10T02:06:23,2026-06-11T06:24:18,PAID,,FALSE,644,15,15026.31,12.69,FALSE,FALSE,synthetic,LEGITIMATE_NORMAL,0,NONE,
PAY-000070,VND-0028,Joshi Engineering Pvt Ltd,PROFESSIONAL_SERVICES,52507.65,INR,INV-2026-000070,2026-05-28,2026-06-18,SYNTH-ACC-01070,SYNB0001070,EMP-0003,Rahul Mehta,OPERATIONS,CONTRACTOR_PAYMENT,Scheduled payment for contracted business services.,IMPS,2026-06-10T12:26:25,,PENDING,,FALSE,868,7,62888.03,-16.51,FALSE,FALSE,synthetic,LEGITIMATE_NORMAL,0,NONE,
PAY-000034,VND-0014,Reddy Technology Services,MARKETING,157118.71,INR,INV-2026-000034,2026-06-09,2026-07-02,SYNTH-ACC-01034,SYNB0001034,EMP-0015,Maya Chopra,OPERATIONS,PURCHASE,Quarterly office equipment and supplies purchase.,IMPS,2026-06-11T02:01:20,,PENDING,,FALSE,1462,23,175870.6,-10.66,FALSE,FALSE,synthetic,LEGITIMATE_NORMAL,0,NONE,
PAY-000064,VND-0041,Iyer Enterprise Systems,PROFESSIONAL_SERVICES,31180.85,INR,INV-2026-000064,2026-05-27,2026-06-13,SYNTH-ACC-01064,SYNB0001064,EMP-0012,Rahul Sharma,SALES,CONTRACTOR_PAYMENT,Approved engineering services for the current project.,NEFT,2026-06-16T20:05:07,2026-06-17T12:16:03,APPROVED,,FALSE,508,8,33569.07,-7.11,FALSE,FALSE,synthetic,LEGITIMATE_NORMAL,0,NONE,
PAY-000075,VND-0045,Reddy Consulting Services,MARKETING,275223.01,INR,INV-2026-000075,2026-06-02,2026-06-12,SYNTH-ACC-03075,SYNB0003075,EMP-0010,Rohan Shah,IT,URGENT_PAYMENT,Replacement invoice submitted with an updated reference number.,RTGS,2026-06-19T10:11:34,,ON_HOLD,,FALSE,1736,11,156916.01,75.4,FALSE,FALSE,synthetic,DUPLICATE_PAYMENT,1,DUPLICATE_PAYMENT,
PAY-000005,VND-0041,Iyer Enterprise Systems,PROFESSIONAL_SERVICES,91530.59,INR,INV-2026-000005,2026-05-31,2026-06-17,SYNTH-ACC-01005,SYNB0001005,EMP-0018,Meera Nair,OPERATIONS,PURCHASE,Scheduled payment for contracted business services.,NEFT,2026-06-19T12:51:58,,PENDING,,FALSE,508,7,80842.3,13.22,FALSE,FALSE,synthetic,LEGITIMATE_NORMAL,0,NONE,
PAY-000006,VND-0018,Iyer Logistics Pvt Ltd,MANUFACTURING,28590.39,INR,INV-2026-000006,2026-06-08,2026-06-24,SYNTH-ACC-01006,SYNB0001006,EMP-0012,Rahul Sharma,SALES,CONTRACTOR_PAYMENT,Monthly maintenance invoice for approved production support.,NEFT,2026-06-20T05:36:40,2026-06-21T05:21:19,PAID,,FALSE,390,22,31349.07,-8.8,FALSE,FALSE,synthetic,LEGITIMATE_NORMAL,0,NONE,
PAY-000080,VND-0004,Singh Enterprise Services,PROFESSIONAL_SERVICES,234205.61,INR,INV-2026-000080,2026-06-16,2026-06-27,SYNTH-ACC-03080,SYNB0003080,EMP-0021,Kavya Joshi,ADMIN,BANK_CHANGE,Replacement invoice submitted with an updated reference number.,NEFT,2026-06-26T17:40:22,,PENDING,,FALSE,1321,7,149382.48,56.78,FALSE,FALSE,synthetic,DUPLICATE_PAYMENT,1,DUPLICATE_PAYMENT,
PAY-000048,VND-0018,Iyer Logistics Pvt Ltd,MANUFACTURING,47900.95,INR,INV-2026-000048,2026-06-13,2026-06-29,SYNTH-ACC-01048,SYNB0001048,EMP-0022,Nisha Mehta,OPERATIONS,INVOICE,Subscription renewal for approved enterprise software.,RTGS,2026-06-30T14:58:15,2026-07-02T12:34:47,APPROVED,,FALSE,390,20,39306.5,21.87,FALSE,FALSE,synthetic,LEGITIMATE_NORMAL,0,NONE,
PAY-000088,VND-0029,Menon Office Solutions,MANUFACTURING,345151.2,INR,INV-2026-000088,2026-06-28,2026-07-18,SYNTH-ACC-03088,SYNB0003088,EMP-0024,Priya Verma,PROCUREMENT,BANK_CHANGE,Unusual payment request submitted outside the requester's normal pattern.,IMPS,2026-07-02T17:55:14,,PENDING,,FALSE,748,8,290826.11,18.68,FALSE,FALSE,synthetic,ACCOUNT_TAKEOVER,1,ACCOUNT_TAKEOVER,
PAY-000035,VND-0057,Malhotra Technology Services,MAINTENANCE,539735.32,INR,INV-2026-000035,2026-07-03,2026-07-17,SYNTH-ACC-01035,SYNB0001035,EMP-0015,Maya Chopra,OPERATIONS,CONTRACTOR_PAYMENT,Routine vendor settlement against verified invoice.,NEFT,2026-07-07T19:50:21,,PENDING,,FALSE,259,24,567247.85,-4.85,FALSE,FALSE,synthetic,LEGITIMATE_NORMAL,0,NONE,
PAY-000060,VND-0017,Menon Infrastructure Systems,MANUFACTURING,47613.21,INR,INV-2026-000060,2026-06-11,2026-07-05,SYNTH-ACC-01060,SYNB0001060,EMP-0006,Meera Joshi,FINANCE,PURCHASE,Scheduled payment for contracted business services.,BANK_TRANSFER,2026-07-08T08:04:18,2026-07-09T07:54:46,PAID,,FALSE,319,6,38691.27,23.06,FALSE,FALSE,synthetic,LEGITIMATE_NORMAL,0,NONE,
PAY-000007,VND-0004,Singh Enterprise Services,PROFESSIONAL_SERVICES,43119.99,INR,INV-2026-000007,2026-07-06,2026-07-13,SYNTH-ACC-01007,SYNB0001007,EMP-0028,Neha Singh,HR,PURCHASE,Standard procurement request following normal approval process.,RTGS,2026-07-10T00:28:13,2026-07-11T03:29:40,PAID,,FALSE,1321,3,37381.8,15.35,FALSE,FALSE,synthetic,LEGITIMATE_NORMAL,0,NONE,
PAY-000077,VND-0032,Malhotra Logistics Solutions,PROFESSIONAL_SERVICES,156993.8,INR,INV-2026-000077,2026-07-06,2026-07-20,SYNTH-ACC-03077,SYNB0003077,EMP-0002,Manish Malhotra,IT,BANK_CHANGE,Payment requested from a recently updated account with an expedited approval request.,RTGS,2026-07-12T00:02:12,,PENDING,,FALSE,160,1,118684.31,32.28,FALSE,FALSE,synthetic,ACCOUNT_TAKEOVER,1,ACCOUNT_TAKEOVER,
PAY-000042,VND-0059,Bhat Business Solutions,MANUFACTURING,94452.1,INR,INV-2026-000042,2026-06-27,2026-07-25,SYNTH-ACC-01042,SYNB0001042,EMP-0019,Kabir Sharma,PROCUREMENT,PURCHASE,Scheduled payment for contracted business services.,IMPS,2026-07-15T04:51:44,2026-07-16T00:59:32,APPROVED,,FALSE,859,11,80958.01,16.67,FALSE,FALSE,synthetic,LEGITIMATE_NORMAL,0,NONE,
PAY-000016,VND-0019,Malhotra Logistics Works,CONSTRUCTION,18354.61,INR,INV-2026-000016,2026-06-20,2026-07-08,SYNTH-ACC-01016,SYNB0001016,EMP-0020,Rahul Sethi,FINANCE,SERVICE,Routine vendor settlement against verified invoice.,BANK_TRANSFER,2026-07-15T06:43:08,2026-07-15T14:18:45,APPROVED,,FALSE,634,20,20656.31,-11.14,FALSE,FALSE,synthetic,LEGITIMATE_NORMAL,0,NONE,
PAY-000078,VND-0018,Iyer Logistics Pvt Ltd,MANUFACTURING,136251.86,INR,INV-2026-000078,2026-07-05,2026-07-15,SYNTH-ACC-03078,SYNB0003078,EMP-0018,Meera Nair,OPERATIONS,URGENT_PAYMENT,Replacement invoice submitted with an updated reference number.,RTGS,2026-07-15T11:24:06,,ON_HOLD,,FALSE,390,9,87261.51,56.14,FALSE,FALSE,synthetic,DUPLICATE_PAYMENT,1,DUPLICATE_PAYMENT,
PAY-000012,VND-0026,Joshi Technology Services,LOGISTICS,192124.17,INR,INV-2026-000012,2026-06-23,2026-07-09,SYNTH-ACC-01012,SYNB0001012,EMP-0023,Ishaan Iyer,OPERATIONS,CONTRACTOR_PAYMENT,Subscription renewal for approved enterprise software.,NEFT,2026-07-16T11:39:25,2026-07-18T02:59:07,PAID,,FALSE,1012,17,180183.06,6.63,FALSE,FALSE,synthetic,LEGITIMATE_NORMAL,0,NONE,
PAY-000085,VND-0013,Patel Office Solutions,MAINTENANCE,188079.9,INR,INV-2026-000085,2026-07-09,2026-08-02,SYNTH-ACC-03085,SYNB0003085,EMP-0028,Neha Singh,HR,BANK_CHANGE,Payment requested from a recently updated account with an expedited approval request.,IMPS,2026-07-16T18:37:31,,ON_HOLD,,FALSE,186,11,133270.16,41.13,FALSE,FALSE,synthetic,ACCOUNT_TAKEOVER,1,ACCOUNT_TAKEOVER,
PAY-000054,VND-0054,Menon Enterprise Systems,CONSTRUCTION,27360.84,INR,INV-2026-000054,2026-06-20,2026-06-29,SYNTH-ACC-01054,SYNB0001054,EMP-0016,Dev Shah,IT,SERVICE,Payment for completed logistics services under contract.,NEFT,2026-07-17T19:44:25,,PENDING,,FALSE,2341,24,24175.59,13.18,FALSE,FALSE,synthetic,LEGITIMATE_NORMAL,0,NONE,
PAY-000004,VND-0007,Joshi Infrastructure Systems,IT_SERVICES,265208.49,INR,INV-2026-000004,2026-06-20,2026-07-14,SYNTH-ACC-01004,SYNB0001004,EMP-0009,Kavya Patel,HR,INVOICE,Scheduled payment for contracted business services.,BANK_TRANSFER,2026-07-19T16:13:50,2026-07-20T21:12:35,PAID,,FALSE,1224,15,246460.99,7.61,FALSE,FALSE,synthetic,LEGITIMATE_NORMAL,0,NONE,
PAY-000072,VND-0041,Iyer Enterprise Systems,PROFESSIONAL_SERVICES,236753.23,INR,INV-2026-000072,2026-07-18,2026-07-30,SYNTH-FRAUD-00072,SYNB0003072,EMP-0022,Nisha Mehta,OPERATIONS,URGENT_PAYMENT,Payment instruction changed shortly before the due date.,NEFT,2026-07-20T05:28:28,,ON_HOLD,SYNTH-ACC-90072,TRUE,508,9,139217.18,70.06,FALSE,TRUE,synthetic,BENEFICIARY_FRAUD,1,BENEFICIARY_FRAUD,
PAY-000090,VND-0049,Verma Industrial Systems,PROFESSIONAL_SERVICES,254677.27,INR,INV-2026-000090,2026-07-18,2026-08-10,SYNTH-ACC-03090,SYNB0003090,EMP-0016,Dev Shah,IT,BANK_CHANGE,Vendor sent a revised invoice following a billing discrepancy.,NEFT,2026-07-20T14:02:11,,ON_HOLD,,FALSE,2260,4,195458.09,30.3,FALSE,FALSE,synthetic,INVOICE_FRAUD,1,INVOICE_FRAUD,
PAY-000057,VND-0015,Shah Logistics Services,CONSULTING,44581.94,INR,INV-2026-000057,2026-06-28,2026-07-25,SYNTH-ACC-01057,SYNB0001057,EMP-0027,Karan Kapoor,ADMIN,PURCHASE,Payment for completed logistics services under contract.,RTGS,2026-07-24T13:48:18,2026-07-26T03:46:01,PAID,,FALSE,1960,13,37847.53,17.79,FALSE,FALSE,synthetic,LEGITIMATE_NORMAL,0,NONE,
PAY-000068,VND-0035,Singh Digital Systems,CONSULTING,50981.48,INR,INV-2026-000068,2026-07-09,2026-07-25,SYNTH-ACC-01068,SYNB0001068,EMP-0019,Kabir Sharma,PROCUREMENT,INVOICE,Payment for completed logistics services under contract.,NEFT,2026-07-26T01:50:10,2026-07-27T16:30:29,PAID,,FALSE,314,21,49568.58,2.85,FALSE,FALSE,synthetic,LEGITIMATE_NORMAL,0,NONE,
PAY-000050,VND-0051,Rao Logistics Pvt Ltd,CONSTRUCTION,68738.88,INR,INV-2026-000050,2026-07-20,2026-08-12,SYNTH-ACC-01050,SYNB0001050,EMP-0021,Kavya Joshi,ADMIN,SERVICE,Subscription renewal for approved enterprise software.,RTGS,2026-08-01T17:01:40,2026-08-03T06:38:14,APPROVED,,FALSE,1915,21,77253.12,-11.02,FALSE,FALSE,synthetic,LEGITIMATE_NORMAL,0,NONE,
PAY-000059,VND-0010,Sethi Enterprise Solutions,MARKETING,67949.89,INR,INV-2026-000059,2026-07-19,2026-08-10,SYNTH-ACC-01059,SYNB0001059,EMP-0014,Ishaan Nair,PROCUREMENT,INVOICE,Standard procurement request following normal approval process.,NEFT,2026-08-02T08:33:44,2026-08-04T03:39:46,PAID,,FALSE,843,20,66818.19,1.69,FALSE,FALSE,synthetic,LEGITIMATE_NORMAL,0,NONE,
PAY-000087,VND-0031,Sethi Enterprise Solutions,IT_SERVICES,150578.06,INR,INV-2026-000087,2026-07-27,2026-08-18,SYNTH-ACC-03087,SYNB0003087,EMP-0006,Meera Joshi,FINANCE,BANK_CHANGE,Invoice received with revised payment instructions; please process after routine validation.,BANK_TRANSFER,2026-08-03T01:38:18,,PENDING,,FALSE,2499,2,67911.61,121.73,FALSE,FALSE,synthetic,INVOICE_FRAUD,1,INVOICE_FRAUD,
PAY-000029,VND-0009,Bhat Engineering Pvt Ltd,IT_SERVICES,100416.59,INR,INV-2026-000029,2026-07-21,2026-08-09,SYNTH-ACC-01029,SYNB0001029,EMP-0023,Ishaan Iyer,OPERATIONS,PURCHASE,Quarterly office equipment and supplies purchase.,RTGS,2026-08-03T15:37:38,,PENDING,,FALSE,1245,20,99675.14,0.74,FALSE,FALSE,synthetic,LEGITIMATE_NORMAL,0,NONE,
PAY-000062,VND-0026,Joshi Technology Services,LOGISTICS,92003.74,INR,INV-2026-000062,2026-07-26,2026-08-10,SYNTH-ACC-01062,SYNB0001062,EMP-0025,Maya Kulkarni,HR,SERVICE,Standard procurement request following normal approval process.,RTGS,2026-08-08T09:11:51,2026-08-08T19:40:16,PAID,,FALSE,1012,2,79194.91,16.17,FALSE,FALSE,synthetic,LEGITIMATE_NORMAL,0,NONE,
PAY-000051,VND-0055,Kulkarni Digital Systems,MANUFACTURING,150712.21,INR,INV-2026-000051,2026-08-02,2026-08-18,SYNTH-ACC-01051,SYNB0001051,EMP-0003,Rahul Mehta,OPERATIONS,PURCHASE,Scheduled payment for contracted business services.,RTGS,2026-08-12T02:14:12,,PENDING,,FALSE,1863,22,129954.13,15.97,FALSE,FALSE,synthetic,LEGITIMATE_NORMAL,0,NONE,
PAY-000046,VND-0009,Bhat Engineering Pvt Ltd,IT_SERVICES,335080.74,INR,INV-2026-000046,2026-07-31,2026-08-24,SYNTH-ACC-01046,SYNB0001046,EMP-0003,Rahul Mehta,OPERATIONS,CONTRACTOR_PAYMENT,Standard procurement request following normal approval process.,NEFT,2026-08-13T23:36:14,2026-08-15T02:42:21,APPROVED,,FALSE,1245,3,309765.76,8.17,FALSE,FALSE,synthetic,LEGITIMATE_NORMAL,0,NONE,
PAY-000043,VND-0003,Sharma Infrastructure Works,CONSTRUCTION,230943.66,INR,INV-2026-000043,2026-08-11,2026-09-05,SYNTH-ACC-01043,SYNB0001043,EMP-0026,Karan Kulkarni,IT,PURCHASE,Monthly maintenance invoice for approved production support.,RTGS,2026-08-17T07:37:07,2026-08-17T12:30:14,PAID,,FALSE,644,20,215927.02,6.95,FALSE,FALSE,synthetic,LEGITIMATE_NORMAL,0,NONE,
PAY-000079,VND-0008,Verma Digital Solutions,PROFESSIONAL_SERVICES,385588.34,INR,INV-2026-000079,2026-08-13,2026-09-02,SYNTH-ACC-03079,SYNB0003079,EMP-0013,Ishaan Rao,SALES,INVOICE,Unusual payment request submitted outside the requester's normal pattern.,IMPS,2026-08-17T21:18:21,,PENDING,,FALSE,473,1,286201.65,34.73,FALSE,FALSE,synthetic,ACCOUNT_TAKEOVER,1,ACCOUNT_TAKEOVER,
PAY-000056,VND-0026,Joshi Technology Services,LOGISTICS,153920.53,INR,INV-2026-000056,2026-08-14,2026-09-03,SYNTH-ACC-01056,SYNB0001056,EMP-0022,Nisha Mehta,OPERATIONS,PURCHASE,Scheduled payment for contracted business services.,BANK_TRANSFER,2026-08-18T09:38:46,,PENDING,,FALSE,1012,17,183775.06,-16.25,FALSE,FALSE,synthetic,LEGITIMATE_NORMAL,0,NONE,
PAY-000091,VND-0001,Malhotra Consulting Services,CONSULTING,118000.0,INR,INV-2026-000091,2026-08-12,2026-08-17,SYNTH-BEN-7001,SYNB0007001,EMP-0007,Aditya Shah,SALES,URGENT_PAYMENT,Immediate settlement requested following revised invoice instructions.,RTGS,2026-08-18T10:05:00,,PENDING,SYNTH-OLD-00091,TRUE,1762,4,83356.78,41.56,FALSE,TRUE,synthetic,COORDINATED_VENDOR_FRAUD,1,COORDINATED_VENDOR_FRAUD,CAMP-001
PAY-000092,VND-0012,Shah Technology Services,CONSULTING,162500.0,INR,INV-2026-000092,2026-08-11,2026-08-20,SYNTH-BEN-7001,SYNB0007001,EMP-0007,Aditya Shah,SALES,BANK_CHANGE,Immediate settlement requested following revised invoice instructions.,RTGS,2026-08-18T10:17:00,,PENDING,SYNTH-OLD-00092,TRUE,851,7,74338.11,118.6,FALSE,TRUE,synthetic,COORDINATED_VENDOR_FRAUD,1,COORDINATED_VENDOR_FRAUD,CAMP-001
PAY-000093,VND-0024,Singh Office Pvt Ltd,OFFICE_SUPPLIES,198750.0,INR,INV-2026-000093,2026-08-15,2026-08-28,SYNTH-BEN-7001,SYNB0007001,EMP-0007,Aditya Shah,SALES,URGENT_PAYMENT,High-priority payment requested with beneficiary confirmation.,RTGS,2026-08-18T10:29:00,,PENDING,SYNTH-OLD-00093,TRUE,660,7,122009.41,62.9,FALSE,TRUE,synthetic,COORDINATED_VENDOR_FRAUD,1,COORDINATED_VENDOR_FRAUD,CAMP-001
PAY-000094,VND-0038,Kulkarni Office Works,IT_SERVICES,246900.0,INR,INV-2026-000094,2026-08-14,2026-08-18,SYNTH-BEN-7001,SYNB0007001,EMP-0007,Aditya Shah,SALES,INVOICE,High-priority payment requested with beneficiary confirmation.,RTGS,2026-08-18T10:42:00,,PENDING,SYNTH-OLD-00094,TRUE,2323,5,143976.67,71.49,FALSE,TRUE,synthetic,COORDINATED_VENDOR_FRAUD,1,COORDINATED_VENDOR_FRAUD,CAMP-001
PAY-000095,VND-0008,Verma Digital Solutions,PROFESSIONAL_SERVICES,92500.0,INR,INV-2026-000095,2026-08-14,2026-08-28,SYNTH-BEN-7002,SYNB0007002,EMP-0015,Maya Chopra,OPERATIONS,INVOICE,Vendor payment requested using updated beneficiary details.,RTGS,2026-08-19T14:10:00,,PENDING,SYNTH-OLD-00095,TRUE,473,7,52587.73,75.9,FALSE,TRUE,synthetic,PAYMENT_DIVERSION,1,PAYMENT_DIVERSION,CAMP-002
PAY-000096,VND-0020,Mehta Business Solutions,SOFTWARE,131400.0,INR,INV-2026-000096,2026-08-15,2026-08-19,SYNTH-BEN-7002,SYNB0007002,EMP-0015,Maya Chopra,OPERATIONS,INVOICE,Immediate settlement requested following revised invoice instructions.,RTGS,2026-08-19T14:31:00,,PENDING,SYNTH-OLD-00096,TRUE,1796,1,89026.93,47.6,FALSE,TRUE,synthetic,PAYMENT_DIVERSION,1,PAYMENT_DIVERSION,CAMP-002
PAY-000097,VND-0045,Reddy Consulting Services,MARKETING,177800.0,INR,INV-2026-000097,2026-08-13,2026-08-22,SYNTH-BEN-7002,SYNB0007002,EMP-0015,Maya Chopra,OPERATIONS,INVOICE,Immediate settlement requested following revised invoice instructions.,RTGS,2026-08-19T14:54:00,,PENDING,SYNTH-OLD-00097,TRUE,1736,5,120408.55,47.66,FALSE,TRUE,synthetic,PAYMENT_DIVERSION,1,PAYMENT_DIVERSION,CAMP-002
PAY-000098,VND-0017,Menon Infrastructure Systems,MANUFACTURING,146700.0,INR,INV-2026-000098,2026-08-13,2026-08-27,SYNTH-BEN-7003,SYNB0007003,EMP-0022,Nisha Mehta,OPERATIONS,INVOICE,Immediate settlement requested following revised invoice instructions.,RTGS,2026-08-20T09:03:00,,PENDING,SYNTH-OLD-00098,TRUE,319,1,94909.49,54.57,FALSE,TRUE,synthetic,BENEFICIARY_FRAUD,1,BENEFICIARY_FRAUD,CAMP-003
PAY-000099,VND-0034,Menon Engineering Services,SOFTWARE,189900.0,INR,INV-2026-000099,2026-08-13,2026-08-23,SYNTH-BEN-7003,SYNB0007003,EMP-0022,Nisha Mehta,OPERATIONS,URGENT_PAYMENT,Vendor payment requested using updated beneficiary details.,RTGS,2026-08-20T09:24:00,,PENDING,SYNTH-OLD-00099,TRUE,462,3,98954.34,91.91,FALSE,TRUE,synthetic,BENEFICIARY_FRAUD,1,BENEFICIARY_FRAUD,CAMP-003
PAY-000100,VND-0053,Sethi Technology Works,OFFICE_SUPPLIES,221600.0,INR,INV-2026-000100,2026-08-13,2026-08-27,SYNTH-BEN-7003,SYNB0007003,EMP-0022,Nisha Mehta,OPERATIONS,URGENT_PAYMENT,Vendor payment requested using updated beneficiary details.,RTGS,2026-08-20T09:49:00,,PENDING,SYNTH-OLD-00100,TRUE,2445,2,143181.55,54.77,FALSE,TRUE,synthetic,BENEFICIARY_FRAUD,1,BENEFICIARY_FRAUD,CAMP-003
